SET TERMOUT ON
PROMPT Building demonstration tables. Please wait.
SET TERMOUT OFF

DROP TABLE EMP;
DROP TABLE DEPT;
DROP TABLE BONUS;
DROP TABLE SALGRADE;
DROP TABLE DUMMY;
DROP TABLE CUSTOMER;
DROP TABLE BANK;
DROP TABLE BANK_MASTER;
DROP TABLE BANK_TRANSACTION;
DROP TABLE CHE;
DROP TABLE HYD;
DROP TABLE PRODUCT;

CREATE TABLE EMP
(EMPNO NUMBER(4) NOT NULL,
ENAME VARCHAR2(10),
JOB VARCHAR2(9),
MGR NUMBER(4),
HIREDATE DATE,
SAL NUMBER(7, 2),
COMM NUMBER(7, 2),
DEPTNO NUMBER(2));

INSERT INTO EMP VALUES
(7369, 'SMITH', 'CLERK', 7902,
TO_DATE('17-DEC-1980', 'DD-MON-YYYY'), 800, NULL, 20);
INSERT INTO EMP VALUES
(7499, 'ALLEN', 'SALESMAN', 7698,
TO_DATE('20-FEB-1981', 'DD-MON-YYYY'), 1600, 300, 30);
INSERT INTO EMP VALUES
(7521, 'WARD', 'SALESMAN', 7698,
TO_DATE('22-FEB-1981', 'DD-MON-YYYY'), 1250, 500, 30);
INSERT INTO EMP VALUES
(7566, 'JONES', 'MANAGER', 7839,
TO_DATE('2-APR-1981', 'DD-MON-YYYY'), 2975, NULL, 20);
INSERT INTO EMP VALUES
(7654, 'MARTIN', 'SALESMAN', 7698,
TO_DATE('28-SEP-1981', 'DD-MON-YYYY'), 1250, 1400, 30);
INSERT INTO EMP VALUES
(7698, 'BLAKE', 'MANAGER', 7839,
TO_DATE('1-MAY-1981', 'DD-MON-YYYY'), 2850, NULL, 30);
INSERT INTO EMP VALUES
(7782, 'CLARK', 'MANAGER', 7839,
TO_DATE('9-JUN-1981', 'DD-MON-YYYY'), 2450, NULL, 10);
INSERT INTO EMP VALUES
(7788, 'SCOTT', 'ANALYST', 7566,
TO_DATE('09-DEC-1982', 'DD-MON-YYYY'), 3000, NULL, 20);
INSERT INTO EMP VALUES
(7839, 'KING', 'PRESIDENT', NULL,
TO_DATE('17-NOV-1981', 'DD-MON-YYYY'), 5000, NULL, 10);
INSERT INTO EMP VALUES
(7844, 'TURNER', 'SALESMAN', 7698,
TO_DATE('8-SEP-1981', 'DD-MON-YYYY'), 1500, 0, 30);
INSERT INTO EMP VALUES
(7876, 'ADAMS', 'CLERK', 7788,
TO_DATE('12-JAN-1983', 'DD-MON-YYYY'), 1100, NULL, 20);
INSERT INTO EMP VALUES
(7900, 'JAMES', 'CLERK', 7698,
TO_DATE('3-DEC-1981', 'DD-MON-YYYY'), 950, NULL, 30);
INSERT INTO EMP VALUES
(7902, 'FORD', 'ANALYST', 7566,
TO_DATE('3-DEC-1981', 'DD-MON-YYYY'), 3000, NULL, 20);
INSERT INTO EMP VALUES
(7934, 'MILLER', 'CLERK', 7782,
TO_DATE('23-JAN-1982', 'DD-MON-YYYY'), 1300, NULL, 10);

CREATE TABLE DEPT
(DEPTNO NUMBER(2),
DNAME VARCHAR2(14),
LOC VARCHAR2(13) );

INSERT INTO DEPT VALUES (10, 'ACCOUNTING', 'NEW YORK');
INSERT INTO DEPT VALUES (20, 'RESEARCH', 'DALLAS');
INSERT INTO DEPT VALUES (30, 'SALES', 'CHICAGO');
INSERT INTO DEPT VALUES (40, 'OPERATIONS', 'BOSTON');

CREATE TABLE BONUS
(ENAME VARCHAR2(10),
JOB VARCHAR2(9),
SAL NUMBER,
COMM NUMBER);

CREATE TABLE SALGRADE
(GRADE NUMBER,
LOSAL NUMBER,
HISAL NUMBER);

INSERT INTO SALGRADE VALUES (1, 700, 1200);
INSERT INTO SALGRADE VALUES (2, 1201, 1400);
INSERT INTO SALGRADE VALUES (3, 1401, 2000);
INSERT INTO SALGRADE VALUES (4, 2001, 3000);
INSERT INTO SALGRADE VALUES (5, 3001, 9999);

CREATE TABLE DUMMY
(DUMMY NUMBER);

INSERT INTO DUMMY VALUES (0);

create table customer(cname varchar(20),amount int);

insert into customer values('aaa',10000);
insert into customer values('syed',20000);
insert into customer values('raj',30000);

create table bank(bankname varchar(20),interest int);

insert into bank values('sbi',12);
insert into bank values('sbh',10);
insert into bank values('icici',9);


create table bank_master(accno NUMBER(4),BALANCE NUMBER(5));
INSERT INTO BANK_MASTER VALUES(1001,10000);
INSERT INTO BANK_MASTER VALUES(1002,20000);
INSERT INTO BANK_MASTER VALUES(1003,30000);
INSERT INTO BANK_MASTER VALUES(1004,40000);
INSERT INTO BANK_MASTER VALUES(1005,50000);


CREATE TABLE BANK_TRANSACTION(CNAME VARCHAR(20),ACCNO NUMBER(4),TTYPE CHAR(2),AMOUNT NUMBER(5));

create table hyd(ename varchar2(10),empno number(3),salary number(5));

insert into hyd values('aaa',101,20000);
insert into hyd values('bbb',102,30000);
insert into hyd values('ccc',103,40000);
insert into hyd values('ddd',104,50000);
insert into hyd values('eee',105,35000);


create table che(name varchar2(10),empno number(3),sal number(5));

insert into che values('xxx',101,35000);
insert into che values('yyy',103,45000);
insert into che values('zzz',105,35000);
insert into che values('mmm',107,25000);
insert into che values('nnn',109,12000);

CREATE TABLE PRODUCT(PRODUCTID NUMBER(4),PRODUCTCODE CHAR(3),NAME VARCHAR2(20),
QUANTITY NUMBER(5),PRICE NUMBER(10,2));

INSERT INTO PRODUCT VALUES(1001,'PEN','PEN RED',5000,1.23);
INSERT INTO PRODUCT VALUES(1002,'PEN','PEN BLUE',8000,1.25);
INSERT INTO PRODUCT VALUES(1003,'PEN','PEN BLACK',2000,1.25);
INSERT INTO PRODUCT VALUES(1004,'PEC','PENCIL 2B',10000,0.48);
INSERT INTO PRODUCT VALUES(1005,'PEC','PENCIL 2H',8000,0.49);
INSERT INTO PRODUCT VALUES(1006,'PEC','PENCIL HB',0,99999.99);



COMMIT;

SET TERMOUT ON
PROMPT Demonstration table build is complete.